total_trades,win_rate,avg_trade,cumulative_pnl,max_drawdown,sharpe,profit_factor
56,0.375,-0.026671874999725072,-1.493624999984604,14.704585999996198,-59.933493413662944,0.9676280325538958
